Sequence Name,Sequence
1,TGTTCACCAT
10,TCTGGTATCC
100,CTCGAATATA
101,CAAGTTATTG
102,TGGACCGCCA
103,ATCGGCGAAG
104,GCTAATAGGA
105,AATGCGAACA
106,GGCATAGGTG
107,TGGCCTCTGT
108,CAATTCTCAC
109,GATTCTGAAT
11,GAGTCATAGG
110,AGCCTCAGGC
111,ATGTTGTTGG
112,GCACCACCAA
113,ACCAAGCAGG
114,GTTGGATGAA
115,TATCACTCTG
116,CGCTGTCTCA
117,CGATGCGGTT
118,TAGCATAACC
119,GTCCACCGCT
12,AGACTGCGAA
120,ACTTGTTATC
121,GAGAGGTTCG
122,AGAGAACCTA
123,CTGGCAAGAG
124,TCAATGGAGA
125,TCCGCCAATT
126,CTTATTGGCC
127,ACTCTATTGT
128,GTCTCGCCAC
129,ATCCAGGTAT
13,AGCTGGAATG
130,GCTTGAACGC
131,AAGTTGACAA
132,GGACCAGTGG
133,TTGTATCAGG
134,CCACGCTGAA
135,GAATACCTAT
136,AGGCGTTCGC
137,CTAATAACCG
138,TCGGCGGTTA
139,CGAGAGGCGT
14,GATCAAGGCA
140,TAGAGAATAC
141,CCGACAGACT
142,TTAGTGAGTC
143,ATTGGCTTCT
144,GCCAATCCTC
145,AATTCTTGGA
146,GGCCTCCAAG
147,TAGGCTCGCG
148,CGAATCTATA
149,GTTCGGAGTT
15,TCAGTCTCGT
150,ACCTAAGACC
151,GCGTGCTGTG
152,ATACATCACA
153,TGTGGTCCGG
154,CACAACTTAA
155,CAGCAATCGT
156,TGATGGCTAC
157,CATATGCGAT
158,TGCGCATAGC
159,GCGTCCACCT
16,CTGACTCTAC
160,ATACTTGTTC
161,GCTGACGTTG
162,ATCAGTACCA
163,TTAACCTTCG
164,CCGGTTCCTA
165,TACGTGAAGG
166,CGTACAGGAA
167,AGGTATGGCG
168,GAACGCAATA
169,TGTCTGGCCT
17,CGAAGATTCT
170,CACTCAATTC
171,ACAGTAAGAT
172,GTGACGGAGC
173,CTGAGCCGGT
174,TCAGATTAAC
175,TGCCGGTCAG
176,CATTAACTGA
177,AGTACTCATG
178,GACGTCTGCA
179,CCGCGTATAG
18,TAGGAGCCTC
180,TTATACGCGA
181,GTAACTTGGT
182,ACGGTCCAAC
183,CGCTTAGAAT
184,TATCCGAGGC
185,AACGAGGCCG
186,GGTAGAATTA
187,CCTAACACAG
188,TTCGGTGTGA
189,TGGTAGAGAT
19,CCTCTACATG
190,CAACGAGAGC
191,AAGCGCGCTT
192,GGATATATCC
193,GTGGTATCTG
194,ACAACGCTCA
195,ATTCCATAAG
196,GCCTTGCGGA
197,GCTCTTAACT
198,ATCTCCGGTC
199,CGGATGCTTG
2,CACCTGTTGC
20,TTCTCGTGCA
200,TAAGCATCCA
201,AACGGTCTAT
202,GGTAACTCGC
203,GTGGACAAGT
204,ACAAGTGGAC
205,TCCTGGTTGT
206,CTTCAACCAC
207,TCGCTATGAG
208,CTATCGCAGA
209,CATTAGTGCG
21,GCGTTGGTAT
210,TGCCGACATA
211,AGTAGAGCCG
212,GACGAGATTA
213,CGTGCTTGCT
214,TACATCCATC
215,GACTGAGTAG
216,AGTCAGACGA
217,ATAATCCGTG
218,GCGGCTTACA
219,GAGAATGGTT
22,ATACCAACGC
220,AGAGGCAACC
221,TCACAACAGT
222,CTGTGGTGAC
223,GAACTGAGCG
224,AGGTCAGATA
225,AAGGCCACGG
226,GGAATTGTAA
227,CCTGACCACT
228,TTCAGTTGTC
229,CGCATTCCGT
23,AATAGCTGAG
230,TATGCCTTAC
231,GTATTGACGT
232,ACGCCAGTAC
233,AACCATAGAA
234,GGTTGCGAGG
235,TTACGCACCT
236,CCGTATGTTC
237,AAGATACACG
238,GGAGCGTGTA
239,ATTGATACTG
24,GGCGATCAGA
240,GCCAGCGTCA
241,CACCGATGTG
242,TGTTAGCACA
243,TTGGCAGCGT
244,CCAATGATAC
245,GCATAAGCTT
246,ATGCGGATCC
247,GCTTCTCTGG
248,ATCCTCTCAA
249,CACGGCTAGT
25,CAATATAGGT
250,TGTAATCGAC
251,TGATTATACG
252,CAGCCGCGTA
253,TATAACAGCT
254,CGCGGTGATC
255,CATAGTAAGG
256,TGCGACGGAA
257,GAGCGACGAT
258,AGATAGTAGC
259,TTCTTACTTG
26,TGGCGCGAAC
260,CCTCCGTCCA
261,CTACACATGG
262,TCGTGTGCAA
263,ACTTACGGAT
264,GTCCGTAAGC
265,ACAGTGTATG
266,GTGACACGCA
267,TTGCTCTATT
268,CCATCTCGCC
269,CCAAGGCCTT
27,ATGGTTGACT
270,TTGGAATTCC
271,TAATGTGTCT
272,CGGCACACTC
273,ACTCGGCAAT
274,GTCTAATGGC
275,AGGATGTGCT
276,GAAGCACATC
277,TATCTTGTAG
278,CGCTCCACGA
279,TTCACTCACT
28,GCAACCAGTC
280,CCTGTCTGTC
281,CCATCATTAG
282,TTGCTGCCGA
283,ATGAGATCAT
284,GCAGAGCTGC
285,TGTCGCTGGT
286,CACTATCAAC
287,CTCTGCAGCG
288,TCTCATGATA
289,AGGATAATGT
29,TCCATTGCCG
290,GAAGCGGCAC
291,CGCACGACTG
292,TATGTAGTCA
293,GTTACCGTGG
294,ACCGTTACAA
295,AACAAGTACA
296,GGTGGACGTG
297,AACATCGCGC
298,GGTGCTATAT
299,TCACCAACTT
3,GTAGGTGGTG
30,CTTGCCATTA
300,CTGTTGGTCC
301,AATGGATTGA
302,GGCAAGCCAG
303,CTCCACTAAT
304,TCTTGTCGGC
305,TTGTTGAATG
306,CCACCAGGCA
307,ACACAGGTGG
308,GTGTGAACAA
309,TCCACGTGTT
31,AGCGAATTAG
310,CTTGTACACC
311,GAGCTTGCCG
312,AGATCCATTA
313,CGCCATATCT
314,TATTGCGCTC
315,GTAACTGAAG
316,ACGGTCAGGA
317,AACGCACGAG
318,GGTATGTAGA
319,TGCCAACTGG
32,GATAGGCCGA
320,CATTGGTCAA
321,GACGTGGTCT
322,AGTACAACTC
323,CAACGTTCGG
324,TGGTACCTAA
325,GCGAACTCCG
326,ATAGGTCTTA
327,ATAGCGGAAT
328,GCGATAAGGC
329,TAATTAGCGT
33,GTGCAGACAG
330,CGGCCGATAC
331,GCCACCTACT
332,ATTGTTCGTC
333,CATCGTCATT
334,TGCTACTGCC
335,CGTGTCGTGG
336,TACACTACAA
337,ACCGTGTGGT
338,GTTACACAAC
339,GCGTATTAAT
34,ACATGAGTGA
340,ATACGCCGGC
341,TATCGGACCG
342,CGCTAAGTTA
343,TTGAATGTTG
344,CCAGGCACCA
345,GAGGCCTATT
346,AGAATTCGCC
347,AATTCCATCT
348,GGCCTTGCTC
349,TCCGGACTAG
35,TAACCGTAAT
350,CTTAAGTCGA
351,TCATACCGTT
352,CTGCGTTACC
353,AATCTAGAGA
354,GGCTCGAGAG
355,ACAACTACTG
356,GTGGTCGTCA
357,TGTGATAACT
358,CACAGCGGTC
359,CAATAGGAAT
36,CGGTTACGGC
360,TGGCGAAGGC
361,ATGGCGCCTG
362,GCAATATTCA
363,TTAACGGTGT
364,CCGGTAACAC
365,CCTCACGAGG
366,TTCTGTAGAA
367,GAATTACAAG
368,AGGCCGTGGA
369,CTAGATTGCG
37,TACCGCCTCG
370,TCGAGCCATA
371,AAGACATTAG
372,GGAGTGCCGA
373,ATATGCATGT
374,GCGCATGCAC
375,GACGCATCGT
376,AGTATGCTAC
377,CGCAGTGGCT
378,TATGACAATC
379,TCACTGTCCG
38,CGTTATTCTA
380,CTGTCACTTA
381,AACTCGCCGG
382,GGTCTATTAA
383,AACGTTAGTT
384,GGTACCGACC
39,TTCATAAGGT
4,ACGAACAACA
40,CCTGCGGAAC
41,AACACTGTTA
42,GGTGTCACCG
43,ACATATCCAG
44,GTGCGCTTGA
45,TGGAGTACTT
46,CAAGACGTCC
47,ATTGCGCGGT
48,GCCATATAAC
49,CAGTGGCACT
5,ACGCCTTGTT
50,TGACAATGTC
51,CGACCTAACG
52,TAGTTCGGTA
53,GCCGCACTCT
54,ATTATGTCTC
55,AGAACCGAGT
56,GAGGTTAGAC
57,GTTAATTACG
58,ACCGGCCGTA
59,CCTCGTGCGT
6,GTATTCCACC
60,TTCTACATAC
61,ACTTCAAGCG
62,GTCCTGGATA
63,AATCACCAGC
64,GGCTGTTGAT
65,CAATCGGCTG
66,TGGCTAATCA
67,TTAAGACAAG
68,CCGGAGTGGA
69,AACTTATCCT
7,TGTAAGGTGG
70,GGTCCGCTTC
71,CTCGCTTCGG
72,TCTATCCTAA
73,GAACTTCCTT
74,AGGTCCTTCC
75,TATGGAGATT
76,CGCAAGAGCC
77,ACCACGACAT
78,GTTGTAGTGC
79,TCATAGATTG
8,CACGGAACAA
80,CTGCGAGCCA
81,CAGCACGGAG
82,TGATGTAAGA
83,CCGTTCAAGG
84,TTACCTGGAA
85,AAGCATCTTG
86,GGATGCTCCA
87,AACAGACGGC
88,GGTGAGTAAT
89,CTAGTGCTCT
9,CTCAACGCTT
90,TCGACATCTC
91,CGTCTCATAT
92,TACTCTGCGC
93,TCAGAAGGCG
94,CTGAGGAATA
95,GACACCATGT
96,AGTGTTGCAC
97,ATGTAACGTT
98,GCACGGTACC
99,TCTAGGCGCG
